ellapsedTime(s),stateCompareTime(s),#MutStatesForkedFromOriginal,#MutStatesEqWithOrigAtMutPoint
0.047119,0.000137925,0,0
0.107684,0.00329101,0,0
0.17041,0.006639,0,0
0.270657,0.00919878,0,0
0.363619,0.0114328,0,0
