ellapsedTime(s),stateCompareTime(s),#MutStatesForkedFromOriginal,#MutStatesEqWithOrigAtMutPoint
0.0418121,0.000427127,0,0
0.066375,0.0274301,0,0
0.077332,0.0392991,0,0
0.091804,0.0488981,0,0
0.113479,0.0596422,0,0
